Designator,Mid X,Mid Y,Layer,Rotation
C10,128.637mm,-137.800mm,Bottom,-90.0
C11,124.662mm,-141.200mm,Bottom,180.0
C12,122.662mm,-138.300mm,Bottom,-90.0
C13,124.312mm,-136.100mm,Bottom,180.0
C14,109.638mm,-137.800mm,Bottom,-90.0
C15,105.662mm,-141.200mm,Bottom,180.0
C16,103.662mm,-138.300mm,Bottom,-90.0
C17,105.312mm,-136.100mm,Bottom,180.0
C18,168.637mm,-137.800mm,Bottom,-90.0
C19,164.662mm,-141.200mm,Bottom,180.0
C20,162.662mm,-138.300mm,Bottom,-90.0
C21,164.312mm,-136.100mm,Bottom,180.0
C22,152.137mm,-137.800mm,Bottom,-90.0
C23,148.162mm,-141.200mm,Bottom,180.0
C24,146.062mm,-136.800mm,Bottom,-90.0
C25,147.613mm,-135.600mm,Bottom,-90.0
C30,144.688mm,-122.800mm,Bottom,180.0
C31,143.213mm,-125.200mm,Bottom,-90.0
C32,104.800mm,-111.900mm,Bottom,-90.0
C33,155.700mm,-110.300mm,Bottom,180.0
C40,137.938mm,-112.075mm,Bottom,180.0
C41,148.938mm,-110.575mm,Bottom,180.0
C42,120.838mm,-123.525mm,Bottom,180.0
C43,119.088mm,-124.375mm,Bottom,-90.0
C44,162.838mm,-123.525mm,Bottom,180.0
C45,161.088mm,-124.375mm,Bottom,-90.0
C50,143.637mm,-134.550mm,Bottom,180.0
C51,143.438mm,-131.100mm,Bottom,180.0
C52,149.500mm,-132.912mm,Bottom,-90.0
C53,150.800mm,-133.450mm,Bottom,-90.0
D1,138.637mm,-125.925mm,Bottom,180.0
D2,149.637mm,-124.425mm,Bottom,-90.0
D3,146.750mm,-121.000mm,Bottom,-90.0
J1,116.350mm,-103.700mm,Bottom,180.0
J2,166.650mm,-103.700mm,Bottom,180.0
J3,142.000mm,-103.125mm,Bottom,0.0
J4,103.125mm,-118.500mm,Bottom,90.0
J5,103.125mm,-129.500mm,Bottom,90.0
J6,180.875mm,-118.500mm,Bottom,-90.0
J7,180.875mm,-129.500mm,Bottom,-90.0
P1,131.000mm,-147.100mm,Bottom,180.0
P2,110.500mm,-147.100mm,Bottom,180.0
P3,171.000mm,-147.100mm,Bottom,180.0
P4,153.000mm,-147.100mm,Bottom,180.0
R1,143.662mm,-112.075mm,Bottom,180.0
R2,157.562mm,-112.425mm,Bottom,-90.0
R3,149.363mm,-130.600mm,Bottom,-90.0
R4,137.900mm,-127.425mm,Bottom,180.0
R5,151.137mm,-125.213mm,Bottom,-90.0
R6,148.250mm,-121.537mm,Bottom,-90.0
R7,148.912mm,-128.800mm,Bottom,180.0
R8,142.637mm,-132.850mm,Bottom,-90.0
R10,129.262mm,-126.025mm,Bottom,-90.0
R11,118.737mm,-126.025mm,Bottom,180.0
R12,130.512mm,-126.675mm,Bottom,-90.0
R13,118.888mm,-127.425mm,Bottom,180.0
R14,129.312mm,-128.325mm,Bottom,-90.0
R15,118.787mm,-128.825mm,Bottom,180.0
R16,130.963mm,-128.475mm,Bottom,180.0
R17,117.088mm,-128.625mm,Bottom,-90.0
R18,171.262mm,-126.025mm,Bottom,-90.0
R19,160.738mm,-126.025mm,Bottom,180.0
R20,172.512mm,-126.675mm,Bottom,-90.0
R21,160.887mm,-127.425mm,Bottom,180.0
R22,171.312mm,-128.325mm,Bottom,-90.0
R23,160.787mm,-128.825mm,Bottom,180.0
R24,172.963mm,-128.475mm,Bottom,180.0
R25,159.088mm,-128.625mm,Bottom,-90.0
R30,143.988mm,-132.850mm,Bottom,-90.0
R31,126.162mm,-123.475mm,Bottom,180.0
R32,145.838mm,-134.450mm,Bottom,180.0
R33,140.500mm,-110.125mm,Bottom,180.0
R34,142.500mm,-110.125mm,Bottom,-90.0
R40,107.125mm,-117.000mm,Bottom,-90.0
R41,107.125mm,-128.000mm,Bottom,-90.0
R42,176.875mm,-120.250mm,Bottom,-90.0
R43,176.875mm,-131.250mm,Bottom,-90.0
R50,122.463mm,-140.500mm,Bottom,180.0
R51,103.463mm,-140.500mm,Bottom,180.0
R52,162.463mm,-140.500mm,Bottom,180.0
R53,150.262mm,-141.200mm,Bottom,180.0
U1,141.500mm,-117.000mm,Bottom,180.0
U2,152.500mm,-115.500mm,Bottom,180.0
U3,125.750mm,-138.750mm,Bottom,180.0
U4,106.750mm,-138.750mm,Bottom,180.0
U5,165.750mm,-138.750mm,Bottom,180.0
U6,149.250mm,-138.750mm,Bottom,180.0
U7,146.000mm,-125.500mm,Bottom,180.0
U8,124.000mm,-127.000mm,Bottom,180.0
U9,166.000mm,-127.000mm,Bottom,180.0
U10,146.500mm,-132.000mm,Bottom,180.0
U11,149.900mm,-135.600mm,Bottom,180.0
