"Comment","Designator","Footprint","MPN","LCSC Part #","Quantity"
"1u","C10,C14,C18,C22,C30,C31,C51","Capacitor_SMD:C_0402_1005Metric","","","7"
"1n","C11,C15,C19,C23","Capacitor_SMD:C_0402_1005Metric","","","4"
"10u","C12,C16,C20,C24,C32,C33","Capacitor_SMD:C_0603_1608Metric","","","6"
"100n","C13,C17,C21,C25,C40-C45,C50,C52,C53","Capacitor_SMD:C_0402_1005Metric","","","13"
"green","D1-D3","LED_SMD:LED_0603_1608Metric","APT1608SGC","","3"
"WE 68715014522","J1,J2","sideline:WE_68715014522","68715014522","","2"
"SH 4-pin","J3-J7","Connector_JST:JST_SH_SM04B-SRSS-TB_1x04-1MP_P1.00mm_Horizontal","SM04B-SRSS-TB(LF)(SN)","","5"
"FH12-22S-0.5SH","P1-P4","Connector_FFC-FPC:Hirose_FH12-22S-0.5SH_1x22-1MP_P0.50mm_Horizontal","FH12-22S-0.5SH(55)","","4"
"2k2","R6","Resistor_SMD:R_0402_1005Metric","","","1"
"10k","R1,R7","Resistor_SMD:R_0402_1005Metric","","","2"
"47","R10,R12,R14,R16,R18,R20,R22,R24,R33,R34","Resistor_SMD:R_0402_1005Metric","","","10"
"33","R11,R13,R15,R17,R19,R21,R23,R25","Resistor_SMD:R_0402_1005Metric","","","8"
"0","R2,R3","Resistor_SMD:R_0402_1005Metric","","","2"
"100k","R30,R31","Resistor_SMD:R_0402_1005Metric","","","2"
"1k","R4,R5,R8,R32","Resistor_SMD:R_0402_1005Metric","","","4"
"100","R40-R43,R50-R53","Resistor_SMD:R_0402_1005Metric","","","8"
"AP2112K-1.8","U7","Package_TO_SOT_SMD:SOT-23-5","AP2112K-1.8TRG1","","1"
"ICM-42688-P","U10","Package_LGA:LGA-14_3x2.5mm_P0.5mm_LayoutBorder3x4y","ICM-42688-P","","1"
"SHT45-AD1B","U11","Sensor_Humidity:Sensirion_DFN-4_1.5x1.5mm_P0.8mm_SHT4x_NoCentralPad","SHT45-AD1B-R2","","1"
"PCA9555PW","U1,U2","Package_SO:TSSOP-24_4.4x7.8mm_P0.65mm","PCA9555PW,118","","2"
"TPS22917DBV","U3-U6","Package_TO_SOT_SMD:SOT-23-6","TPS22917DBVR","","4"
"SN74AVC4T774PW","U8,U9","Package_SO:TSSOP-16_4.4x5mm_P0.65mm","SN74AVC4T774PWR","","2"
